area;mh;ind;bird_feaces;mammal_feaces;bird_seeds;mammal_seeds;total_seeds;sampled_area_m2;density_raw;seed_density_m2;focal_point;x;y;random_drop
SABCOL;FF;C_FF_A;24;0;48;0;48;0.1665;288.2882883;288;YES;-6.506511;37.000221;no
SABCOL;FF;C_FF_B;33;1;66;25;91;0.24;379.1666667;379;NO;-6.506633;37.00042;no
SABCOL;FF;C_FF_C;30;0;60;0;60;0.2597;231.0358106;231;NO;-6.506384;36.999932;no
SABCOL;FF;C_FF_D;10;0;20;0;20;0.184;108.6956522;109;YES;-6.506451;37.000311;no
SABCOL;FF;C_FF_E;16;0;32;0;32;0.216;148.1481481;148;NO;-6.507189;37.000825;no
SABCOL;FF;C_FF_F;14;0;28;0;28;0.12;233.3333333;233;NO;-6.507197;37.000783;no
SABCOL;FF;C_FF_G;8;0;16;0;16;0.18;88.88888889;89;YES;-6.507248;37.000738;no
SABCOL;FF;C_FF_H;8;0;16;0;16;0.16;100;100;NO;-6.507167;37.000765;no
SABCOL;FF;C_FF_I;11;0;22;0;22;0.24;91.66666667;92;YES;-6.505658;37.000049;no
SABCOL;FF;C_FF_J;17;0;34;0;34;0.2184;155.6776557;156;NO;-6.50665;37.000388;no
SABCOL;FF;C_FF_K;3;0;6;0;6;0.22;27.27272727;27;NO;-6.507505;36.999814;no
SABCOL;FF;C_FF_L;2;0;4;0;4;0.182;21.97802198;22;NO;-6.507501;36.99983;no
SABCOL;FF;C_FF_M;0;0;0;0;0;0.14;0;0;NO;-6.507446;36.999877;no
SABCOL;FF;C_FF_N;4;0;8;0;8;0.1728;46.2962963;46;NO;-6.507433;36.999888;no
SABCOL;FF;C_FF_O;2;0;4;0;4;0.234;17.09401709;17;NO;-6.507424;36.999962;no
SABCOL;NF;C_NF_A;57;0;114;0;114;0.2128;535.7142857;536;NO;-6.506354;37.000409;no
SABCOL;NF;C_NF_B;33;0;66;0;66;0.3053;216.1808058;216;NO;-6.506352;37.000728;no
SABCOL;NF;C_NF_C;19;0;38;0;38;0.215;176.744186;177;NO;-6.506488;37.000198;no
SABCOL;NF;C_NF_D;39;0;78;0;78;0.252;309.5238095;310;NO;-6.506304;37.000574;no
SABCOL;NF;C_NF_E;6;0;12;0;12;0.252;47.61904762;48;NO;-6.50671;37.000665;no
SABCOL;NF;C_NF_F;25;0;50;0;50;0.2475;202.020202;202;YES;-6.50656;37.000753;no
SABCOL;NF;C_NF_G;12;0;24;0;24;0.2816;85.22727273;85;YES;-6.506018;37.000567;no
SABCOL;NF;C_NF_H;4;0;8;0;8;0.235;34.04255319;34;NO;-6.506201;37.000264;no
SABCOL;NF;C_NF_I;11;0;22;0;22;0.2835;77.60141093;78;NO;-6.506323;37.000224;no
SABCOL;NF;C_NF_J;16;0;32;0;32;0.2795;114.490161;114;YES;-6.50632;37.000138;no
SABCOL;NF;C_NF_K;11;0;22;0;22;0.2145;102.5641026;103;YES;-6.506605;36.999931;no
SABCOL;NF;C_NF_L;11;0;22;0;22;0.2565;85.76998051;86;NO;-6.50667;37.000003;no
SABCOL;NF;C_NF_M;8;0;16;0;16;0.2904;55.09641873;55;NO;-6.50662;37.000161;no
SABCOL;NF;C_NF_N;5;0;10;0;10;0.21;47.61904762;48;NO;-6.506809;37.000374;no
SABCOL;NF;C_NF_O;0;0;0;0;0;0.2226;0;0;NO;-6.506627;37.000611;no
SABCOL;PP;C_PP_A;14;0;28;0;28;0.2808;99.71509972;100;NO;-6.506221;37.000325;no
SABCOL;PP;C_PP_B;61;0;122;0;122;0.248;491.9354839;492;NO;-6.506269;37.000138;no
SABCOL;PP;C_PP_C;20;0;40;0;40;0.2332;171.5265866;172;YES;-6.506974;37.000216;no
SABCOL;PP;C_PP_D;9;0;18;0;18;0.243;74.07407407;74;NO;-6.506326;37.001037;no
SABCOL;PP;C_PP_E;8;1;16;25;41;0.1944;210.9053498;211;YES;-6.506768;36.999826;no
SABCOL;PP;C_PP_F;6;0;12;0;12;0.2;60;60;NO;-6.506898;36.999943;no
SABCOL;PP;C_PP_G;25;0;50;0;50;0.208;240.3846154;240;NO;-6.506898;37.000011;no
SABCOL;PP;C_PP_H;28;1;56;25;81;0.22;368.1818182;368;NO;-6.506333;36.999768;no
SABCOL;PP;C_PP_I;24;1;48;25;73;0.22;331.8181818;332;YES;-6.506249;37.000377;no
SABCOL;PP;C_PP_J;65;1;130;25;155;0.25;620;620;NO;-6.506232;37.000088;no
SABCOL;PP;C_PP_K;21;1;42;25;67;0.215;311.627907;312;NO;-6.506271;37.00005;no
SABCOL;PP;C_PP_L;29;0;58;0;58;0.315;184.1269841;184;YES;-6.506328703;37.00130661;no
SABCOL;PP;C_PP_M;15;0;30;0;30;0.24;125;125;NO;-6.506422;37.001359;no
SABCOL;PP;C_PP_N;14;0;28;0;28;0.24;116.6666667;117;NO;-6.506476;37.001403;no
SABCOL;PP;C_PP_O;13;0;26;0;26;0.2436;106.7323481;107;NO;-6.50643;37.001459;no
SABCOL;JP;C002;43;0;86;0;86;0.5;172;172;NO;-6.506057213;37.00080117;no
SABCOL;JP;C014;38;1;76;25;101;0.5;202;202;YES;-6.506553396;37.00068699;no
SABCOL;JP;C017;17;0;34;0;34;0.54;62.96296296;63;NO;-6.506706548;37.00083022;no
SABCOL;JP;C018;11;1;22;25;47;0.51;92.15686275;92;NO;-6.506699238;37.00077985;no
SABCOL;JP;C024;18;1;36;25;61;0.5336;114.3178411;114;NO;-6.506885148;37.00083003;yes
SABCOL;JP;C050;24;1;48;25;73;0.4984;146.4686998;146;NO;-6.506410761;37.0006039;no
SABCOL;JP;C054;36;0;72;0;72;0.5804;124.0523777;124;NO;-6.506342727;37.00066156;no
SABCOL;JP;C055;40;0;80;0;80;0.562;142.3487544;142;NO;-6.506320516;37.00063823;yes
SABCOL;JP;C056;18;1;36;25;61;0.5;122;122;NO;-6.50624256;37.00059509;yes
SABCOL;JP;C057;82;0;164;0;164;0.5144;318.8180404;319;NO;-6.506111587;37.00070026;no
SABCOL;JP;C065;50;0;100;0;100;0.5144;194.4012442;194;NO;-6.505945626;37.00037576;yes
SABCOL;JP;C075;23;0;46;0;46;0.264;174.2424242;174;YES;-6.506160102;37.000325;no
SABCOL;JP;C083;18;0;36;0;36;0.4776;75.37688442;75;NO;-6.506005453;36.99998575;no
SABCOL;JP;C086;33;0;66;0;66;0.47;140.4255319;140;NO;-6.506151174;37.00009711;yes
SABCOL;JP;C106;45;0;90;0;90;0.47;191.4893617;191;NO;-6.506351878;37.00015037;yes
SABCOL;JP;C107;26;0;52;0;52;0.45;115.5555556;116;NO;-6.50641414;37.00018144;yes
SABCOL;JP;C111;22;0;44;0;44;0.4264;103.1894934;103;YES;-6.506594444;37.000125;no
SABCOL;JP;C119;24;1;48;25;73;0.5216;139.9539877;140;NO;-6.506659819;37.00014907;yes
SABCOL;JP;C121;6;0;12;0;12;0.508;23.62204724;24;NO;-6.50671187;37.00009854;yes
SABCOL;JP;C126;43;1;86;25;111;0.2684;413.561848;414;NO;-6.506777342;37.00004144;yes
SABCOL;JP;C131;68;1;136;25;161;0.4909;327.9690365;328;NO;-6.506834566;37.00005819;yes
SABCOL;JP;C140;37;1;74;25;99;0.5336;185.5322339;186;NO;-6.506762125;37.00012249;yes
SABCOL;JP;C141;35;0;70;0;70;0.5224;133.9969372;134;NO;-6.506793;37.00015233;yes
SABCOL;JP;C150;38;0;76;0;76;0.5368;141.5797317;142;NO;-6.506752697;37.00025265;no
SABCOL;JP;C153;46;0;92;0;92;0.5368;171.3859911;171;NO;-6.506813628;37.00032634;yes
SABCOL;JP;C162;24;0;48;0;48;0.3684;130.2931596;130;YES;-6.506334997;37.00031259;no
SABCOL;JP;C165;51;0;102;0;102;0.508;200.7874016;201;NO;-6.506366097;37.00045326;yes
SABCOL;JP;C168;53;1;106;25;131;0.5144;254.6656299;255;NO;-6.506552191;37.00047693;yes
SABCOL;JP;C172;19;0;38;0;38;0.5512;68.94049347;69;NO;-6.506691357;37.00046095;no
SABCOL;JP;C174;26;0;52;0;52;0.5038;103.2155617;103;NO;-6.5067169;37.00053874;no
SABCOL;JP;C176;17;1;34;25;59;0.4823;122.3304997;122;NO;-6.506794581;37.0004536;yes
SABCOL;JP;C193;19;0;38;0;38;0.5784;65.69847856;66;NO;-6.506854128;37.00048129;yes
SABCOL;JP;C197;15;0;30;0;30;0.5616;53.41880342;53;NO;-6.506796572;37.00059637;yes
SABCOL;JP;C285;21;0;42;0;42;0.4454;94.29726089;94;NO;-6.50677915;37.00023684;yes
SABCOL;JP;C316;39;2;78;50;128;0.5272;242.7921093;243;NO;-6.506119392;37.00028985;no
SABCOL;OA;CT1M13;1;0;2;0;2;1;2;2;YES;-6.506490574;37.00083451;no
SABCOL;OA;CT1M14;1;0;2;0;2;1;2;2;NO;-6.506480801;37.00083493;no
SABCOL;OA;CT1M23;1;0;2;0;2;1;2;2;YES;-6.50638388;37.00083601;no
SABCOL;OA;CT1M24;1;0;2;0;2;1;2;2;NO;-6.506374837;37.00083619;no
SABCOL;OA;CT1M25;1;0;2;0;2;1;2;2;NO;-6.506366814;37.00083611;no
SABCOL;OA;CT1M27;1;0;2;0;2;1;2;2;YES;-6.506345647;37.00083659;no
SABCOL;OA;CT1M3;1;0;2;0;2;1;2;2;NO;-6.506608082;37.00083246;no
SABCOL;OA;CT1M35;1;0;2;0;2;1;2;2;YES;-6.506247222;37.00083611;no
SABCOL;OA;CT1M4;1;0;2;0;2;1;2;2;YES;-6.506591879;37.00083315;no
SABCOL;OA;CT1M44;2;0;4;0;4;1;4;4;YES;-6.50615;37.00083611;no
SABCOL;OA;CT1M45;1;0;2;0;2;1;2;2;NO;-6.506141667;37.00084167;no
SABCOL;OA;CT1M46;1;0;2;0;2;1;2;2;YES;-6.506136111;37.00083889;no
SABCOL;OA;CT1M48;1;0;2;0;2;1;2;2;NO;-6.506102778;37.00083889;no
SABCOL;OA;CT1M49;2;0;4;0;4;1;4;4;YES;-6.506086111;37.00083889;no
SABCOL;OA;CT1M1;0;0;0;0;0;1;0;0;NO;-6.506086111;37.00083889;no
SABCOL;OA;CT1M2;0;0;0;0;0;1;0;0;NO;-6.506086111;37.00083889;no
SABCOL;OA;CT1M5;0;0;0;0;0;1;0;0;NO;-6.506086111;37.00083889;no
SABCOL;OA;CT1M6;0;0;0;0;0;1;0;0;NO;-6.506086111;37.00083889;no
SABCOL;OA;CT1M7;0;0;0;0;0;1;0;0;NO;-6.506086111;37.00083889;no
SABCOL;OA;CT1M8;0;0;0;0;0;1;0;0;NO;-6.506086111;37.00083889;no
SABCOL;OA;CT1M9;0;0;0;0;0;1;0;0;NO;-6.506086111;37.00083889;no
SABCOL;OA;CT1M10;0;0;0;0;0;1;0;0;NO;-6.506086111;37.00083889;no
SABCOL;OA;CT1M11;0;0;0;0;0;1;0;0;NO;-6.506086111;37.00083889;no
SABCOL;OA;CT1M12;0;0;0;0;0;1;0;0;NO;-6.506086111;37.00083889;no
SABCOL;OA;CT1M15;0;0;0;0;0;1;0;0;NO;-6.506086111;37.00083889;no
SABCOL;OA;CT1M16;0;0;0;0;0;1;0;0;NO;-6.506086111;37.00083889;no
SABCOL;OA;CT1M17;0;0;0;0;0;1;0;0;NO;-6.506086111;37.00083889;no
SABCOL;OA;CT1M18;0;0;0;0;0;1;0;0;NO;-6.506086111;37.00083889;no
SABCOL;OA;CT1M19;0;0;0;0;0;1;0;0;NO;-6.506086111;37.00083889;no
SABCOL;OA;CT1M20;0;0;0;0;0;1;0;0;NO;-6.506086111;37.00083889;no
SABCOL;OA;CT1M21;0;0;0;0;0;1;0;0;NO;-6.506086111;37.00083889;no
SABCOL;OA;CT1M22;0;0;0;0;0;1;0;0;NO;-6.506086111;37.00083889;no
SABCOL;OA;CT1M26;0;0;0;0;0;1;0;0;NO;-6.506086111;37.00083889;no
SABCOL;OA;CT1M28;0;0;0;0;0;1;0;0;NO;-6.506086111;37.00083889;no
SABCOL;OA;CT1M29;0;0;0;0;0;1;0;0;NO;-6.506086111;37.00083889;no
SABCOL;OA;CT1M30;0;0;0;0;0;1;0;0;NO;-6.506086111;37.00083889;no
SABCOL;OA;CT1M31;0;0;0;0;0;1;0;0;NO;-6.506086111;37.00083889;no
SABCOL;OA;CT1M32;0;0;0;0;0;1;0;0;NO;-6.506086111;37.00083889;no
SABCOL;OA;CT1M33;0;0;0;0;0;1;0;0;NO;-6.506086111;37.00083889;no
SABCOL;OA;CT1M34;0;0;0;0;0;1;0;0;NO;-6.506086111;37.00083889;no
SABCOL;OA;CT1M36;0;0;0;0;0;1;0;0;NO;-6.506086111;37.00083889;no
SABCOL;OA;CT1M37;0;0;0;0;0;1;0;0;NO;-6.506086111;37.00083889;no
SABCOL;OA;CT1M38;0;0;0;0;0;1;0;0;NO;-6.506086111;37.00083889;no
SABCOL;OA;CT1M39;0;0;0;0;0;1;0;0;NO;-6.506086111;37.00083889;no
SABCOL;OA;CT1M40;0;0;0;0;0;1;0;0;NO;-6.506086111;37.00083889;no
SABCOL;OA;CT1M41;0;0;0;0;0;1;0;0;NO;-6.506086111;37.00083889;no
SABCOL;OA;CT1M42;0;0;0;0;0;1;0;0;NO;-6.506086111;37.00083889;no
SABCOL;OA;CT1M43;0;0;0;0;0;1;0;0;NO;-6.506086111;37.00083889;no
SABCOL;OA;CT1M47;0;0;0;0;0;1;0;0;NO;-6.506086111;37.00083889;no
SABCOL;OA;CT1M50;0;0;0;0;0;1;0;0;NO;-6.506086111;37.00083889;no
SABCOL;OA;CT2M10;1;0;2;0;2;1;2;2;NO;-6.506502087;37.00038636;no
SABCOL;OA;CT2M12;1;0;2;0;2;1;2;2;YES;-6.506493832;37.00040767;no
SABCOL;OA;CT2M13;1;0;2;0;2;1;2;2;NO;-6.506485586;37.00042724;no
SABCOL;OA;CT2M14;1;0;2;0;2;1;2;2;YES;-6.506483376;37.00043852;no
SABCOL;OA;CT2M2;1;0;2;0;2;1;2;2;NO;-6.506517208;37.00032118;no
SABCOL;OA;CT2M32;1;0;2;0;2;1;2;2;NO;-6.506352949;37.00056148;no
SABCOL;OA;CT2M33;1;0;2;0;2;1;2;2;NO;-6.506347731;37.00056644;no
SABCOL;OA;CT2M39;1;0;2;0;2;1;2;2;NO;-6.506317039;37.00058686;no
SABCOL;OA;CT2M4;2;0;4;0;4;1;4;4;NO;-6.506513896;37.00033754;no
SABCOL;OA;CT2M41;1;0;2;0;2;1;2;2;YES;-6.506299769;37.00061104;no
SABCOL;OA;CT2M43;2;0;4;0;4;1;4;4;YES;-6.506293331;37.00061687;no
SABCOL;OA;CT2M49;1;0;2;0;2;1;2;2;YES;-6.506250861;37.00065745;no
SABCOL;OA;CT2M1;0;0;0;0;0;1;0;0;YES;-6.506502087;37.00038636;no
SABCOL;OA;CT2M3;0;0;0;0;0;1;0;0;YES;-6.506502087;37.00038636;no
SABCOL;OA;CT2M5;0;0;0;0;0;1;0;0;YES;-6.506502087;37.00038636;no
SABCOL;OA;CT2M6;0;0;0;0;0;1;0;0;YES;-6.506502087;37.00038636;no
SABCOL;OA;CT2M7;0;0;0;0;0;1;0;0;YES;-6.506502087;37.00038636;no
SABCOL;OA;CT2M8;0;0;0;0;0;1;0;0;YES;-6.506502087;37.00038636;no
SABCOL;OA;CT2M9;0;0;0;0;0;1;0;0;YES;-6.506502087;37.00038636;no
SABCOL;OA;CT2M11;0;0;0;0;0;1;0;0;YES;-6.506502087;37.00038636;no
SABCOL;OA;CT2M15;0;0;0;0;0;1;0;0;YES;-6.506502087;37.00038636;no
SABCOL;OA;CT2M16;0;0;0;0;0;1;0;0;YES;-6.506502087;37.00038636;no
SABCOL;OA;CT2M17;0;0;0;0;0;1;0;0;YES;-6.506502087;37.00038636;no
SABCOL;OA;CT2M18;0;0;0;0;0;1;0;0;YES;-6.506502087;37.00038636;no
SABCOL;OA;CT2M19;0;0;0;0;0;1;0;0;YES;-6.506502087;37.00038636;no
SABCOL;OA;CT2M20;0;0;0;0;0;1;0;0;YES;-6.506502087;37.00038636;no
SABCOL;OA;CT2M21;0;0;0;0;0;1;0;0;YES;-6.506502087;37.00038636;no
SABCOL;OA;CT2M22;0;0;0;0;0;1;0;0;YES;-6.506502087;37.00038636;no
SABCOL;OA;CT2M23;0;0;0;0;0;1;0;0;YES;-6.506502087;37.00038636;no
SABCOL;OA;CT2M24;0;0;0;0;0;1;0;0;YES;-6.506502087;37.00038636;no
SABCOL;OA;CT2M25;0;0;0;0;0;1;0;0;YES;-6.506502087;37.00038636;no
SABCOL;OA;CT2M26;0;0;0;0;0;1;0;0;YES;-6.506502087;37.00038636;no
SABCOL;OA;CT2M27;0;0;0;0;0;1;0;0;YES;-6.506502087;37.00038636;no
SABCOL;OA;CT2M28;0;0;0;0;0;1;0;0;YES;-6.506502087;37.00038636;no
SABCOL;OA;CT2M29;0;0;0;0;0;1;0;0;YES;-6.506502087;37.00038636;no
SABCOL;OA;CT2M30;0;0;0;0;0;1;0;0;YES;-6.506502087;37.00038636;no
SABCOL;OA;CT2M31;0;0;0;0;0;1;0;0;YES;-6.506502087;37.00038636;no
SABCOL;OA;CT2M34;0;0;0;0;0;1;0;0;YES;-6.506502087;37.00038636;no
SABCOL;OA;CT2M35;0;0;0;0;0;1;0;0;YES;-6.506502087;37.00038636;no
SABCOL;OA;CT2M36;0;0;0;0;0;1;0;0;YES;-6.506502087;37.00038636;no
SABCOL;OA;CT2M37;0;0;0;0;0;1;0;0;YES;-6.506502087;37.00038636;no
SABCOL;OA;CT2M38;0;0;0;0;0;1;0;0;YES;-6.506502087;37.00038636;no
SABCOL;OA;CT2M40;0;0;0;0;0;1;0;0;YES;-6.506502087;37.00038636;no
SABCOL;OA;CT2M42;0;0;0;0;0;1;0;0;YES;-6.506502087;37.00038636;no
SABCOL;OA;CT2M44;0;0;0;0;0;1;0;0;YES;-6.506502087;37.00038636;no
SABCOL;OA;CT2M45;0;0;0;0;0;1;0;0;YES;-6.506502087;37.00038636;no
SABCOL;OA;CT2M46;0;0;0;0;0;1;0;0;YES;-6.506502087;37.00038636;no
SABCOL;OA;CT2M47;0;0;0;0;0;1;0;0;YES;-6.506502087;37.00038636;no
SABCOL;OA;CT2M48;0;0;0;0;0;1;0;0;YES;-6.506502087;37.00038636;no
SABCOL;OA;CT2M50;0;0;0;0;0;1;0;0;YES;-6.506502087;37.00038636;no
SABCOL;OA;CT3M1;1;0;2;0;2;1;2;2;YES;-6.506208333;37.00052778;no
SABCOL;OA;CT3M10;2;0;4;0;4;1;4;4;NO;-6.506305556;37.00052222;no
SABCOL;OA;CT3M22;1;0;2;0;2;1;2;2;YES;-6.506444444;37.00051667;no
SABCOL;OA;CT3M24;1;0;2;0;2;1;2;2;YES;-6.506463889;37.00051389;no
SABCOL;OA;CT3M27;1;0;2;0;2;1;2;2;YES;-6.506502778;37.00051111;no
SABCOL;OA;CT3M28;1;0;2;0;2;1;2;2;YES;-6.506516667;37.00050833;no
SABCOL;OA;CT3M3;1;0;2;0;2;1;2;2;NO;-6.506230556;37.00052778;no
SABCOL;OA;CT3M32;2;0;4;0;4;1;4;4;YES;-6.506552778;37.00050556;no
SABCOL;OA;CT3M33;2;0;4;0;4;1;4;4;YES;-6.506563889;37.00050556;no
SABCOL;OA;CT3M39;1;0;2;0;2;1;2;2;NO;-6.506633333;37.00050278;no
SABCOL;OA;CT3M42;1;0;2;0;2;1;2;2;YES;-6.506663889;37.0005;no
SABCOL;OA;CT3M47;1;0;2;0;2;1;2;2;YES;-6.506719444;37.00049722;no
SABCOL;OA;CT3M49;1;0;2;0;2;1;2;2;YES;-6.506741667;37.00049722;no
SABCOL;OA;CT3M6;1;0;2;0;2;1;2;2;NO;-6.506263889;37.000525;no
SABCOL;OA;CT3M7;1;0;2;0;2;1;2;2;YES;-6.506277778;37.000525;no
SABCOL;OA;CT3M8;1;0;2;0;2;1;2;2;YES;-6.506288889;37.000525;no
SABCOL;OA;CT3M9;2;0;4;0;4;1;4;4;NO;-6.5063;37.00052222;no
SABCOL;OA;CT3M2;0;0;0;0;0;1;0;0;YES;-6.506516667;37.00050833;no
SABCOL;OA;CT3M4;0;0;0;0;0;1;0;0;YES;-6.506516667;37.00050833;no
SABCOL;OA;CT3M5;0;0;0;0;0;1;0;0;YES;-6.506516667;37.00050833;no
SABCOL;OA;CT3M11;0;0;0;0;0;1;0;0;YES;-6.506516667;37.00050833;no
SABCOL;OA;CT3M12;0;0;0;0;0;1;0;0;YES;-6.506516667;37.00050833;no
SABCOL;OA;CT3M13;0;0;0;0;0;1;0;0;YES;-6.506516667;37.00050833;no
SABCOL;OA;CT3M14;0;0;0;0;0;1;0;0;YES;-6.506516667;37.00050833;no
SABCOL;OA;CT3M15;0;0;0;0;0;1;0;0;YES;-6.506516667;37.00050833;no
SABCOL;OA;CT3M16;0;0;0;0;0;1;0;0;YES;-6.506516667;37.00050833;no
SABCOL;OA;CT3M17;0;0;0;0;0;1;0;0;YES;-6.506516667;37.00050833;no
SABCOL;OA;CT3M18;0;0;0;0;0;1;0;0;YES;-6.506516667;37.00050833;no
SABCOL;OA;CT3M19;0;0;0;0;0;1;0;0;YES;-6.506516667;37.00050833;no
SABCOL;OA;CT3M20;0;0;0;0;0;1;0;0;YES;-6.506516667;37.00050833;no
SABCOL;OA;CT3M21;0;0;0;0;0;1;0;0;YES;-6.506516667;37.00050833;no
SABCOL;OA;CT3M23;0;0;0;0;0;1;0;0;YES;-6.506516667;37.00050833;no
SABCOL;OA;CT3M25;0;0;0;0;0;1;0;0;YES;-6.506516667;37.00050833;no
SABCOL;OA;CT3M26;0;0;0;0;0;1;0;0;YES;-6.506516667;37.00050833;no
SABCOL;OA;CT3M29;0;0;0;0;0;1;0;0;YES;-6.506516667;37.00050833;no
SABCOL;OA;CT3M30;0;0;0;0;0;1;0;0;YES;-6.506516667;37.00050833;no
SABCOL;OA;CT3M31;0;0;0;0;0;1;0;0;YES;-6.506516667;37.00050833;no
SABCOL;OA;CT3M34;0;0;0;0;0;1;0;0;YES;-6.506516667;37.00050833;no
SABCOL;OA;CT3M35;0;0;0;0;0;1;0;0;YES;-6.506516667;37.00050833;no
SABCOL;OA;CT3M36;0;0;0;0;0;1;0;0;YES;-6.506516667;37.00050833;no
SABCOL;OA;CT3M37;0;0;0;0;0;1;0;0;YES;-6.506516667;37.00050833;no
SABCOL;OA;CT3M38;0;0;0;0;0;1;0;0;YES;-6.506516667;37.00050833;no
SABCOL;OA;CT3M40;0;0;0;0;0;1;0;0;YES;-6.506516667;37.00050833;no
SABCOL;OA;CT3M41;0;0;0;0;0;1;0;0;YES;-6.506516667;37.00050833;no
SABCOL;OA;CT3M43;0;0;0;0;0;1;0;0;YES;-6.506516667;37.00050833;no
SABCOL;OA;CT3M44;0;0;0;0;0;1;0;0;YES;-6.506516667;37.00050833;no
SABCOL;OA;CT3M45;0;0;0;0;0;1;0;0;YES;-6.506516667;37.00050833;no
SABCOL;OA;CT3M46;0;0;0;0;0;1;0;0;YES;-6.506516667;37.00050833;no
SABCOL;OA;CT3M48;0;0;0;0;0;1;0;0;YES;-6.506516667;37.00050833;no
SABCOL;OA;CT3M50;0;0;0;0;0;1;0;0;YES;-6.506516667;37.00050833;no
SABMAR;FF;M_FF_A;8;0;16;0;16;0.22;72.72727273;73;NO;-6.53224;37.012297;no
SABMAR;FF;M_FF_B;1;0;2;0;2;0.208;9.615384615;10;NO;-6.532341;37.012199;no
SABMAR;FF;M_FF_C;15;0;30;0;30;0.18;166.6666667;167;YES;-6.532465;37.012158;no
SABMAR;FF;M_FF_D;8;0;16;0;16;0.258;62.01550388;62;NO;-6.532661;37.012162;no
SABMAR;FF;M_FF_E;4;0;8;0;8;0.315;25.3968254;25;NO;-6.532703;37.012315;no
SABMAR;FF;M_FF_F;6;1;12;25;37;0.2444;151.391162;151;YES;-6.532393;37.011949;no
SABMAR;FF;M_FF_G;4;1;8;25;33;0.26;126.9230769;127;NO;-6.532429;37.011503;no
SABMAR;FF;M_FF_H;16;0;32;0;32;0.2356;135.8234295;136;NO;-6.53241;37.011484;no
SABMAR;FF;M_FF_I;14;0;28;0;28;0.22;127.2727273;127;YES;-6.532475221;37.01249017;no
SABMAR;FF;M_FF_J;31;0;62;0;62;0.252;246.031746;246;NO;-6.533147;37.012311;no
SABMAR;FF;M_FF_K;4;0;8;0;8;0.235;34.04255319;34;YES;-6.533039;37.012334;no
SABMAR;FF;M_FF_L;6;0;12;0;12;0.2436;49.26108374;49;NO;-6.532362;37.012523;no
SABMAR;FF;M_FF_M;10;0;20;0;20;0.2915;68.61063465;69;NO;-6.533065;37.012439;no
SABMAR;FF;M_FF_N;14;0;28;0;28;0.22;127.2727273;127;NO;-6.532591;37.012068;no
SABMAR;FF;M_FF_O;3;0;6;0;6;0.1575;38.0952381;38;NO;-6.532652;37.011809;no
SABMAR;NF;M_NF_A;12;0;24;0;24;0.256;93.75;94;YES;-6.53287;37.011957;no
SABMAR;NF;M_NF_B;14;0;28;0;28;0.29;96.55172414;97;YES;-6.532802;37.012014;no
SABMAR;NF;M_NF_C;3;0;6;0;6;0.22;27.27272727;27;NO;-6.533136;37.012283;no
SABMAR;NF;M_NF_D;6;0;12;0;12;0.264;45.45454545;45;NO;-6.533187;37.012312;no
SABMAR;NF;M_NF_E;7;0;14;0;14;0.24;58.33333333;58;YES;-6.53328178;37.01226195;no
SABMAR;NF;M_NF_F;3;0;6;0;6;0.208;28.84615385;29;NO;-6.533098;37.012409;no
SABMAR;NF;M_NF_G;4;0;8;0;8;0.22;36.36363636;36;NO;-6.533087;37.012392;no
SABMAR;NF;M_NF_H;3;0;6;0;6;0.2432;24.67105263;25;NO;-6.532377;37.01239;no
SABMAR;NF;M_NF_I;13;0;26;0;26;0.258;100.7751938;101;YES;-6.532464637;37.01242643;no
SABMAR;NF;M_NF_J;0;0;0;0;0;0.228;0;0;NO;-6.532532;37.012545;no
SABMAR;NF;M_NF_K;7;0;14;0;14;0.3132;44.69987229;45;NO;-6.532816;37.012056;no
SABMAR;NF;M_NF_L;12;0;24;0;24;0.208;115.3846154;115;NO;-6.532701;37.011942;no
SABMAR;NF;M_NF_M;4;0;8;0;8;0.228;35.0877193;35;NO;-6.533211;37.012128;no
SABMAR;NF;M_NF_N;3;0;6;0;6;0.2795;21.46690519;21;NO;-6.53333;37.012004;no
SABMAR;NF;M_NF_O;6;0;12;0;12;0.2438;49.22067268;49;NO;-6.533295;37.012045;no
SABMAR;PP;M_PP_A;10;0;20;0;20;0.2346;85.2514919;85;YES;-6.532103;37.012233;no
SABMAR;PP;M_PP_B;5;0;10;0;10;0.216;46.2962963;46;NO;-6.532075;37.01223;no
SABMAR;PP;M_PP_C;6;0;12;0;12;0.188;63.82978723;64;NO;-6.532089;37.012208;no
SABMAR;PP;M_PP_D;12;2;24;50;74;0.2726;271.4600147;271;NO;-6.532071;37.012253;no
SABMAR;PP;M_PP_E;10;0;20;0;20;0.258;77.51937984;78;NO;-6.532074;37.012277;no
SABMAR;PP;M_PP_F;4;0;8;0;8;0.2552;31.34796238;31;NO;-6.532082;37.01222;no
SABMAR;PP;M_PP_G;11;1;22;25;47;0.2;235;235;NO;-6.532065;37.012253;no
SABMAR;PP;M_PP_H;8;1;16;25;41;0.224;183.0357143;183;NO;-6.53204;37.012234;no
SABMAR;PP;M_PP_I;8;0;16;0;16;0.2332;68.61063465;69;NO;-6.531987;37.012197;no
SABMAR;PP;M_PP_J;8;0;16;0;16;0.2226;71.87780773;72;NO;-6.531987;37.012206;no
SABMAR;PP;M_PP_K;7;3;14;75;89;0.2304;386.2847222;386;YES;-6.532698;37.011261;no
SABMAR;PP;M_PP_L;12;1;24;25;49;0.258;189.9224806;190;NO;-6.532718;37.011258;no
SABMAR;PP;M_PP_M;26;1;52;25;77;0.24;320.8333333;321;YES;-6.532679;37.011236;no
SABMAR;PP;M_PP_N;20;1;40;25;65;0.228;285.0877193;285;YES;-6.533711;37.012438;no
SABMAR;PP;M_PP_O;14;1;28;25;53;0.2;265;265;NO;-6.53375;37.01244;no
SABMAR;JP;M029;14;0;28;0;28;0.5278;53.05039788;53;NO;-6.532739406;37.01173091;yes
SABMAR;JP;M036;14;0;28;0;28;0.4914;56.98005698;57;NO;-6.532663576;37.01169772;no
SABMAR;JP;M058;19;1;38;25;63;0.5;126;126;YES;-6.532539457;37.0117439;no
SABMAR;JP;M065;7;0;14;0;14;0.4752;29.46127946;29;NO;-6.532549383;37.01170781;yes
SABMAR;JP;M087;21;0;42;0;42;0.4608;91.14583333;91;NO;-6.533003515;37.01184092;yes
SABMAR;JP;M136;13;0;26;0;26;0.5336;48.72563718;49;NO;-6.533249757;37.01208872;yes
SABMAR;JP;M139;23;0;46;0;46;0.505;91.08910891;91;NO;-6.533332005;37.01213224;yes
SABMAR;JP;M144;22;1;44;25;69;0.6997;98.61369158;99;NO;-6.533363896;37.01207522;yes
SABMAR;JP;M176;20;0;40;0;40;0.5272;75.87253414;76;NO;-6.532809299;37.01191944;yes
SABMAR;JP;M207;20;1;40;25;65;0.4532;143.4245366;143;NO;-6.532461757;37.01187339;no
SABMAR;JP;M208;16;0;32;0;32;0.496;64.51612903;65;NO;-6.532434313;37.01183374;yes
SABMAR;JP;M215;16;0;32;0;32;0.752;42.55319149;43;NO;-6.532382468;37.01187462;yes
SABMAR;JP;M219;10;0;20;0;20;0.47;42.55319149;43;NO;-6.532468987;37.0119203;yes
SABMAR;JP;M304;13;0;26;0;26;0.51;50.98039216;51;NO;-6.5332497;37.01229877;yes
SABMAR;JP;M315;9;0;18;0;18;0.505;35.64356436;36;NO;-6.533107667;37.0122058;yes
SABMAR;JP;M381;15;0;30;0;30;0.5332;56.26406602;56;YES;-6.532384719;37.01199999;no
SABMAR;JP;M457;33;0;66;0;66;0.52;126.9230769;127;YES;-6.533065075;37.01235098;no
SABMAR;JP;M460;19;0;38;0;38;0.5368;70.78986587;71;NO;-6.533096294;37.01230981;yes
SABMAR;JP;M518;14;1;28;25;53;0.545;97.24770642;97;NO;-6.532838598;37.01236616;no
SABMAR;JP;M520;33;0;66;0;66;0.5208;126.7281106;127;NO;-6.532746921;37.01237697;no
SABMAR;JP;M531;15;0;30;0;30;0.481;62.37006237;62;NO;-6.532746662;37.01225457;no
SABMAR;JP;M541;36;1;72;25;97;0.5238;185.1851852;185;NO;-6.532685098;37.01236847;yes
SABMAR;JP;M581;26;0;52;0;52;0.4995;104.1041041;104;NO;-6.532551654;37.01217666;yes
SABMAR;JP;M648;25;2;50;50;100;0.52;192.3076923;192;YES;-6.5322128;37.01218977;no
SABMAR;JP;M664;23;0;46;0;46;0.481;95.63409563;96;NO;-6.532053267;37.01225563;no
SABMAR;JP;M694;11;0;22;0;22;0.49;44.89795918;45;NO;-6.532373685;37.01223826;no
SABMAR;JP;M702;32;0;64;0;64;0.508;125.984252;126;NO;-6.532367861;37.01232924;yes
SABMAR;JP;M749;21;3;42;75;117;0.73;160.2739726;160;NO;-6.532676184;37.01241593;no
SABMAR;JP;M820;23;0;46;0;46;0.5176;88.87171561;89;NO;-6.53290221;37.01256728;yes
SABMAR;JP;M826;31;1;62;25;87;0.4785;181.8181818;182;NO;-6.532943846;37.01258078;yes
SABMAR;JP;M843;28;1;56;25;81;0.55;147.2727273;147;NO;-6.532907494;37.01275266;yes
SABMAR;JP;M847;29;1;58;25;83;0.49;169.3877551;169;NO;-6.532933331;37.01268232;yes
SABMAR;JP;M849;37;0;74;0;74;0.49;151.0204082;151;NO;-6.53294826;37.01264392;no
SABMAR;JP;M956;24;1;48;25;73;0.568;128.5211268;129;NO;-6.532200098;37.01233782;no
SABMAR;JP;M986;31;0;62;0;62;0.71;87.32394366;87;NO;-6.532568153;37.01254383;no
SABMAR;OA;MT5M10;1;0;2;0;2;1;2;2;YES;-6.532333317;37.01221572;no
SABMAR;OA;MT5M19;3;0;6;0;6;1;6;6;YES;-6.532344444;37.01213889;no
SABMAR;OA;MT5M23;1;0;2;0;2;1;2;2;YES;-6.532338889;37.01209722;no
SABMAR;OA;MT5M24;1;0;2;0;2;1;2;2;YES;-6.532336111;37.01208611;no
SABMAR;OA;MT5M1;0;0;0;0;0;1;0;0;YES;-6.532333317;37.01221572;no
SABMAR;OA;MT5M2;0;0;0;0;0;1;0;0;YES;-6.532333317;37.01221572;no
SABMAR;OA;MT5M3;0;0;0;0;0;1;0;0;YES;-6.532333317;37.01221572;no
SABMAR;OA;MT5M4;0;0;0;0;0;1;0;0;YES;-6.532333317;37.01221572;no
SABMAR;OA;MT5M5;0;0;0;0;0;1;0;0;YES;-6.532333317;37.01221572;no
SABMAR;OA;MT5M6;0;0;0;0;0;1;0;0;YES;-6.532333317;37.01221572;no
SABMAR;OA;MT5M7;0;0;0;0;0;1;0;0;YES;-6.532333317;37.01221572;no
SABMAR;OA;MT5M8;0;0;0;0;0;1;0;0;YES;-6.532333317;37.01221572;no
SABMAR;OA;MT5M9;0;0;0;0;0;1;0;0;YES;-6.532333317;37.01221572;no
SABMAR;OA;MT5M11;0;0;0;0;0;1;0;0;YES;-6.532333317;37.01221572;no
SABMAR;OA;MT5M12;0;0;0;0;0;1;0;0;YES;-6.532333317;37.01221572;no
SABMAR;OA;MT5M13;0;0;0;0;0;1;0;0;YES;-6.532333317;37.01221572;no
SABMAR;OA;MT5M14;0;0;0;0;0;1;0;0;YES;-6.532333317;37.01221572;no
SABMAR;OA;MT5M15;0;0;0;0;0;1;0;0;YES;-6.532333317;37.01221572;no
SABMAR;OA;MT5M16;0;0;0;0;0;1;0;0;YES;-6.532333317;37.01221572;no
SABMAR;OA;MT5M17;0;0;0;0;0;1;0;0;YES;-6.532333317;37.01221572;no
SABMAR;OA;MT5M18;0;0;0;0;0;1;0;0;YES;-6.532333317;37.01221572;no
SABMAR;OA;MT5M20;0;0;0;0;0;1;0;0;YES;-6.532333317;37.01221572;no
SABMAR;OA;MT5M21;0;0;0;0;0;1;0;0;YES;-6.532333317;37.01221572;no
SABMAR;OA;MT5M22;0;0;0;0;0;1;0;0;YES;-6.532333317;37.01221572;no
SABMAR;OA;MT6M10;1;0;2;0;2;1;2;2;NO;-6.532697222;37.01215833;no
SABMAR;OA;MT6M21;1;0;2;0;2;1;2;2;YES;-6.532780556;37.01209722;no
SABMAR;OA;MT6M1;0;0;0;0;0;1;0;0;YES;-6.532697222;37.01215833;no
SABMAR;OA;MT6M2;0;0;0;0;0;1;0;0;YES;-6.532697222;37.01215833;no
SABMAR;OA;MT6M3;0;0;0;0;0;1;0;0;YES;-6.532697222;37.01215833;no
SABMAR;OA;MT6M4;0;0;0;0;0;1;0;0;YES;-6.532697222;37.01215833;no
SABMAR;OA;MT6M5;0;0;0;0;0;1;0;0;YES;-6.532697222;37.01215833;no
SABMAR;OA;MT6M6;0;0;0;0;0;1;0;0;YES;-6.532697222;37.01215833;no
SABMAR;OA;MT6M7;0;0;0;0;0;1;0;0;YES;-6.532697222;37.01215833;no
SABMAR;OA;MT6M8;0;0;0;0;0;1;0;0;YES;-6.532697222;37.01215833;no
SABMAR;OA;MT6M9;0;0;0;0;0;1;0;0;YES;-6.532697222;37.01215833;no
SABMAR;OA;MT6M11;0;0;0;0;0;1;0;0;YES;-6.532697222;37.01215833;no
SABMAR;OA;MT6M12;0;0;0;0;0;1;0;0;YES;-6.532697222;37.01215833;no
SABMAR;OA;MT6M13;0;0;0;0;0;1;0;0;YES;-6.532697222;37.01215833;no
SABMAR;OA;MT6M14;0;0;0;0;0;1;0;0;YES;-6.532697222;37.01215833;no
SABMAR;OA;MT6M15;0;0;0;0;0;1;0;0;YES;-6.532697222;37.01215833;no
SABMAR;OA;MT6M16;0;0;0;0;0;1;0;0;YES;-6.532697222;37.01215833;no
SABMAR;OA;MT6M17;0;0;0;0;0;1;0;0;YES;-6.532697222;37.01215833;no
SABMAR;OA;MT6M18;0;0;0;0;0;1;0;0;YES;-6.532697222;37.01215833;no
SABMAR;OA;MT6M19;0;0;0;0;0;1;0;0;YES;-6.532697222;37.01215833;no
SABMAR;OA;MT6M20;0;0;0;0;0;1;0;0;YES;-6.532697222;37.01215833;no
SABMAR;OA;MT6M22;0;0;0;0;0;1;0;0;YES;-6.532697222;37.01215833;no
SABMAR;OA;MT7M10;1;0;2;0;2;1;2;2;YES;-6.533113889;37.01229444;no
SABMAR;OA;MT7M22;1;0;2;0;2;1;2;2;NO;-6.533219444;37.01226389;no
SABMAR;OA;MT7M7;1;0;2;0;2;1;2;2;YES;-6.533083333;37.0123;no
SABMAR;OA;MT7M1;0;0;0;0;0;1;0;0;YES;-6.533113889;37.01229444;no
SABMAR;OA;MT7M2;0;0;0;0;0;1;0;0;YES;-6.533113889;37.01229444;no
SABMAR;OA;MT7M3;0;0;0;0;0;1;0;0;YES;-6.533113889;37.01229444;no
SABMAR;OA;MT7M4;0;0;0;0;0;1;0;0;YES;-6.533113889;37.01229444;no
SABMAR;OA;MT7M5;0;0;0;0;0;1;0;0;YES;-6.533113889;37.01229444;no
SABMAR;OA;MT7M6;0;0;0;0;0;1;0;0;YES;-6.533113889;37.01229444;no
SABMAR;OA;MT7M8;0;0;0;0;0;1;0;0;YES;-6.533113889;37.01229444;no
SABMAR;OA;MT7M9;0;0;0;0;0;1;0;0;YES;-6.533113889;37.01229444;no
SABMAR;OA;MT7M11;0;0;0;0;0;1;0;0;YES;-6.533113889;37.01229444;no
SABMAR;OA;MT7M12;0;0;0;0;0;1;0;0;YES;-6.533113889;37.01229444;no
SABMAR;OA;MT7M13;0;0;0;0;0;1;0;0;YES;-6.533113889;37.01229444;no
SABMAR;OA;MT7M14;0;0;0;0;0;1;0;0;YES;-6.533113889;37.01229444;no
SABMAR;OA;MT7M15;0;0;0;0;0;1;0;0;YES;-6.533113889;37.01229444;no
SABMAR;OA;MT7M16;0;0;0;0;0;1;0;0;YES;-6.533113889;37.01229444;no
SABMAR;OA;MT7M17;0;0;0;0;0;1;0;0;YES;-6.533113889;37.01229444;no
SABMAR;OA;MT7M18;0;0;0;0;0;1;0;0;YES;-6.533113889;37.01229444;no
SABMAR;OA;MT7M19;0;0;0;0;0;1;0;0;YES;-6.533113889;37.01229444;no
SABMAR;OA;MT7M20;0;0;0;0;0;1;0;0;YES;-6.533113889;37.01229444;no
SABMAR;OA;MT7M21;0;0;0;0;0;1;0;0;YES;-6.533113889;37.01229444;no
SABMAR;OA;MT8M10;1;0;2;0;2;1;2;2;NO;-6.53268769;37.01220603;no
SABMAR;OA;MT8M31;1;0;2;0;2;1;2;2;NO;-6.532863068;37.01224782;no
SABMAR;OA;MT8M35;1;0;2;0;2;1;2;2;NO;-6.532910307;37.01226974;no
SABMAR;OA;MT8M39;1;0;2;0;2;1;2;2;YES;-6.532908333;37.01231389;no
SABMAR;OA;MT8M40;2;0;4;0;4;1;4;4;NO;-6.53289903;37.01231714;no
SABMAR;OA;MT8M41;1;0;2;0;2;1;2;2;YES;-6.532891667;37.012325;no
SABMAR;OA;MT8M46;1;0;2;0;2;1;2;2;YES;-6.532875;37.01237222;no
SABMAR;OA;MT8M1;0;0;0;0;0;1;0;0;YES;-6.53268769;37.01220603;no
SABMAR;OA;MT8M2;0;0;0;0;0;1;0;0;YES;-6.53268769;37.01220603;no
SABMAR;OA;MT8M3;0;0;0;0;0;1;0;0;YES;-6.53268769;37.01220603;no
SABMAR;OA;MT8M4;0;0;0;0;0;1;0;0;YES;-6.53268769;37.01220603;no
SABMAR;OA;MT8M5;0;0;0;0;0;1;0;0;YES;-6.53268769;37.01220603;no
SABMAR;OA;MT8M6;0;0;0;0;0;1;0;0;YES;-6.53268769;37.01220603;no
SABMAR;OA;MT8M7;0;0;0;0;0;1;0;0;YES;-6.53268769;37.01220603;no
SABMAR;OA;MT8M8;0;0;0;0;0;1;0;0;YES;-6.53268769;37.01220603;no
SABMAR;OA;MT8M9;0;0;0;0;0;1;0;0;YES;-6.53268769;37.01220603;no
SABMAR;OA;MT8M11;0;0;0;0;0;1;0;0;YES;-6.53268769;37.01220603;no
SABMAR;OA;MT8M12;0;0;0;0;0;1;0;0;YES;-6.53268769;37.01220603;no
SABMAR;OA;MT8M13;0;0;0;0;0;1;0;0;YES;-6.53268769;37.01220603;no
SABMAR;OA;MT8M14;0;0;0;0;0;1;0;0;YES;-6.53268769;37.01220603;no
SABMAR;OA;MT8M15;0;0;0;0;0;1;0;0;YES;-6.53268769;37.01220603;no
SABMAR;OA;MT8M16;0;0;0;0;0;1;0;0;YES;-6.53268769;37.01220603;no
SABMAR;OA;MT8M17;0;0;0;0;0;1;0;0;YES;-6.53268769;37.01220603;no
SABMAR;OA;MT8M18;0;0;0;0;0;1;0;0;YES;-6.53268769;37.01220603;no
SABMAR;OA;MT8M19;0;0;0;0;0;1;0;0;YES;-6.53268769;37.01220603;no
SABMAR;OA;MT8M20;0;0;0;0;0;1;0;0;YES;-6.53268769;37.01220603;no
SABMAR;OA;MT8M21;0;0;0;0;0;1;0;0;YES;-6.53268769;37.01220603;no
SABMAR;OA;MT8M22;0;0;0;0;0;1;0;0;YES;-6.53268769;37.01220603;no
SABMAR;OA;MT8M23;0;0;0;0;0;1;0;0;YES;-6.53268769;37.01220603;no
SABMAR;OA;MT8M24;0;0;0;0;0;1;0;0;YES;-6.53268769;37.01220603;no
SABMAR;OA;MT8M25;0;0;0;0;0;1;0;0;YES;-6.53268769;37.01220603;no
SABMAR;OA;MT8M26;0;0;0;0;0;1;0;0;YES;-6.53268769;37.01220603;no
SABMAR;OA;MT8M27;0;0;0;0;0;1;0;0;YES;-6.53268769;37.01220603;no
SABMAR;OA;MT8M28;0;0;0;0;0;1;0;0;YES;-6.53268769;37.01220603;no
SABMAR;OA;MT8M29;0;0;0;0;0;1;0;0;YES;-6.53268769;37.01220603;no
SABMAR;OA;MT8M30;0;0;0;0;0;1;0;0;YES;-6.53268769;37.01220603;no
SABMAR;OA;MT8M32;0;0;0;0;0;1;0;0;YES;-6.53268769;37.01220603;no
SABMAR;OA;MT8M33;0;0;0;0;0;1;0;0;YES;-6.53268769;37.01220603;no
SABMAR;OA;MT8M34;0;0;0;0;0;1;0;0;YES;-6.53268769;37.01220603;no
SABMAR;OA;MT8M36;0;0;0;0;0;1;0;0;YES;-6.53268769;37.01220603;no
SABMAR;OA;MT8M37;0;0;0;0;0;1;0;0;YES;-6.53268769;37.01220603;no
SABMAR;OA;MT8M38;0;0;0;0;0;1;0;0;YES;-6.53268769;37.01220603;no
SABMAR;OA;MT8M42;0;0;0;0;0;1;0;0;YES;-6.53268769;37.01220603;no
SABMAR;OA;MT8M43;0;0;0;0;0;1;0;0;YES;-6.53268769;37.01220603;no
SABMAR;OA;MT8M44;0;0;0;0;0;1;0;0;YES;-6.53268769;37.01220603;no
SABMAR;OA;MT8M45;0;0;0;0;0;1;0;0;YES;-6.53268769;37.01220603;no
SABOJI;FF;O_FF_A;17;0;34;0;34;0.297;114.4781145;114;YES;-6.513652;36.995843;no
SABOJI;FF;O_FF_B;36;0;72;0;72;0.215;334.8837209;335;NO;-6.513574;36.995599;no
SABOJI;FF;O_FF_C;21;0;42;0;42;0.2538;165.4846336;165;NO;-6.513616;36.995943;no
SABOJI;FF;O_FF_D;21;1;42;25;67;0.2;335;335;NO;-6.513684;36.996126;no
SABOJI;FF;O_FF_E;4;0;8;0;8;0.215;37.20930233;37;NO;-6.513215;36.995632;no
SABOJI;FF;O_FF_F;12;0;24;0;24;0.22;109.0909091;109;NO;-6.512725416;36.995404;no
SABOJI;FF;O_FF_G;7;0;14;0;14;0.188;74.46808511;74;NO;-6.512752454;36.99527861;no
SABOJI;FF;O_FF_H;12;0;24;0;24;0.2116;113.4215501;113;NO;-6.512592218;36.99531669;no
SABOJI;FF;O_FF_I;11;2;22;50;72;0.32;225;225;YES;-6.512245487;36.99554269;no
SABOJI;FF;O_FF_J;8;0;16;0;16;0.2436;65.68144499;66;NO;-6.512186515;36.99617247;no
SABOJI;FF;O_FF_K;4;0;8;0;8;0.2726;29.34702861;29;NO;-6.512506029;36.99580226;no
SABOJI;FF;O_FF_L;6;0;12;0;12;0.252;47.61904762;48;YES;-6.512712939;36.99637139;no
SABOJI;FF;O_FF_M;10;0;20;0;20;0.196;102.0408163;102;NO;-6.513272;36.996646;no
SABOJI;FF;O_FF_N;0;0;0;0;0;0.234;0;0;NO;-6.513722;36.996458;no
SABOJI;FF;O_FF_O;4;0;8;0;8;0.192;41.66666667;42;YES;-6.513226021;36.99656767;no
SABOJI;NF;O_NF_A;19;0;38;0;38;0.256;148.4375;148;YES;-6.513623;36.995786;no
SABOJI;NF;O_NF_B;21;0;42;0;42;0.29;144.8275862;145;NO;-6.513387;36.995828;no
SABOJI;NF;O_NF_C;13;0;26;0;26;0.22;118.1818182;118;NO;-6.51315;36.995302;no
SABOJI;NF;O_NF_D;4;0;8;0;8;0.264;30.3030303;30;NO;-6.51342;36.995096;no
SABOJI;NF;O_NF_E;11;0;22;0;22;0.24;91.66666667;92;NO;-6.513398;36.995065;no
SABOJI;NF;O_NF_F;11;0;22;0;22;0.208;105.7692308;106;YES;-6.513339;36.9958;no
SABOJI;NF;O_NF_G;7;0;14;0;14;0.22;63.63636364;64;NO;-6.512739;36.9957;no
SABOJI;NF;O_NF_H;20;0;40;0;40;0.2432;164.4736842;164;YES;-6.513034;36.99539;no
SABOJI;NF;O_NF_I;25;0;50;0;50;0.258;193.7984496;194;NO;-6.513135;36.995467;no
SABOJI;NF;O_NF_J;1;0;2;0;2;0.228;8.771929825;9;NO;-6.513061;36.995203;no
SABOJI;NF;O_NF_K;15;0;30;0;30;0.3132;95.78544061;96;NO;-6.513134;36.995061;no
SABOJI;NF;O_NF_L;9;0;18;0;18;0.208;86.53846154;87;YES;-6.513443;36.995093;no
SABOJI;NF;O_NF_M;1;0;2;0;2;0.228;8.771929825;9;NO;-6.513701;36.995167;no
SABOJI;NF;O_NF_N;7;0;14;0;14;0.2795;50.08944544;50;NO;-6.513409;36.995493;no
SABOJI;NF;O_NF_O;10;0;20;0;20;0.2438;82.03445447;82;NO;-6.513335;36.99548;no
SABOJI;PP;O_PP_A;34;0;68;0;68;0.252;269.8412698;270;NO;-6.513366;36.995186;no
SABOJI;PP;O_PP_B;31;0;62;0;62;0.2;310;310;YES;-6.513668;36.995363;no
SABOJI;PP;O_PP_C;48;0;96;0;96;0.216;444.4444444;444;NO;-6.513322;36.99521;no
SABOJI;PP;O_PP_D;3;0;6;0;6;0.2484;24.15458937;24;NO;-6.513678;36.995346;no
SABOJI;PP;O_PP_E;11;1;22;25;47;0.2668;176.161919;176;YES;-6.513685;36.995761;no
SABOJI;PP;O_PP_F;11;1;22;25;47;0.2688;174.8511905;175;NO;-6.513361;36.995685;no
SABOJI;PP;O_PP_G;32;0;64;0;64;0.258;248.0620155;248;YES;-6.513226;36.995256;no
SABOJI;PP;O_PP_H;36;0;72;0;72;0.2475;290.9090909;291;NO;-6.513244;36.99527;no
SABOJI;PP;O_PP_I;14;0;28;0;28;0.224;125;125;NO;-6.513607;36.995567;no
SABOJI;PP;O_PP_J;7;0;14;0;14;0.2;70;70;NO;-6.51357;36.995527;no
SABOJI;PP;O_PP_K;11;0;22;0;22;0.275;80;80;NO;-6.513608;36.996097;no
SABOJI;PP;O_PP_L;19;1;38;25;63;0.2385;264.1509434;264;YES;-6.513445;36.995681;no
SABOJI;PP;O_PP_M;8;0;16;0;16;0.276;57.97101449;58;NO;-6.513631;36.99604;no
SABOJI;PP;O_PP_N;9;0;18;0;18;0.225;80;80;NO;-6.513636;36.995694;no
SABOJI;PP;O_PP_O;3;0;6;0;6;0.2494;24.05773857;24;NO;-6.51367;36.99569;no
SABOJI;JP;O006;19;0;38;0;38;0.4984;76.24398074;76;NO;-6.514006443;36.99531162;yes
SABOJI;JP;O008;17;1;34;25;59;0.52;113.4615385;113;NO;-6.513977152;36.99526582;yes
SABOJI;JP;O023;21;0;42;0;42;0.755;55.62913907;56;YES;-6.513807949;36.99517442;no
SABOJI;JP;O042;34;0;68;0;68;0.5062;134.3342552;134;NO;-6.513526791;36.99517032;yes
SABOJI;JP;O045;44;0;88;0;88;0.592;148.6486486;149;NO;-6.51341381;36.99519921;no
SABOJI;JP;O054;33;0;66;0;66;0.5035;131.082423;131;NO;-6.513291806;36.99504635;yes
SABOJI;JP;O067;34;0;68;0;68;0.5125;132.6829268;133;NO;-6.513218596;36.99506614;no
SABOJI;JP;O072;25;0;50;0;50;0.538;92.93680297;93;NO;-6.513214348;36.99499294;yes
SABOJI;JP;O105;50;0;100;0;100;0.502;199.2031873;199;NO;-6.513014171;36.99513247;yes
SABOJI;JP;O112;25;0;50;0;50;0.4909;101.853738;102;NO;-6.513111166;36.99517727;yes
SABOJI;JP;O123;22;0;44;0;44;0.484;90.90909091;91;NO;-6.513322079;36.99521043;yes
SABOJI;JP;O136;27;0;54;0;54;0.5144;104.9766719;105;NO;-6.513514614;36.99525214;yes
SABOJI;JP;O137;9;0;18;0;18;0.481;37.42203742;37;NO;-6.513513557;36.99527051;yes
SABOJI;JP;O148;24;0;48;0;48;0.68;70.58823529;71;NO;-6.513773165;36.99521245;no
SABOJI;JP;O231;28;1;56;25;81;0.5225;155.0239234;155;NO;-6.513914578;36.99524648;yes
SABOJI;JP;O241;24;0;48;0;48;0.758;63.32453826;63;NO;-6.513739059;36.99536702;yes
SABOJI;JP;O268;31;0;62;0;62;0.6332;97.9153506;98;NO;-6.513527403;36.9953493;yes
SABOJI;JP;O304;57;0;114;0;114;0.716;159.2178771;159;NO;-6.513001114;36.99531389;no
SABOJI;JP;O314;20;0;40;0;40;0.4684;85.3970965;85;NO;-6.51301402;36.99523369;yes
SABOJI;JP;O334;30;0;60;0;60;0.715;83.91608392;84;NO;-6.51316677;36.99542619;yes
SABOJI;JP;O352;37;1;74;25;99;0.7256;136.4388093;136;NO;-6.513277343;36.99558719;yes
SABOJI;JP;O384;47;0;94;0;94;0.52;180.7692308;181;NO;-6.51367853;36.99546228;no
SABOJI;JP;O463;16;0;32;0;32;0.545;58.71559633;59;YES;-6.513556989;36.99555427;no
SABOJI;JP;O488;39;0;78;0;78;0.7095;109.9365751;110;YES;-6.51299418;36.99543636;no
SABOJI;JP;O514;34;0;68;0;68;0.598;113.7123746;114;NO;-6.51312891;36.9955147;yes
SABOJI;JP;O553;68;1;136;25;161;0.8112;198.4714004;198;NO;-6.513581326;36.99570637;no
SABOJI;JP;O580;50;0;100;0;100;0.52;192.3076923;192;NO;-6.513253894;36.99569873;no
SABOJI;JP;O582;49;0;98;0;98;0.5539;176.9272432;177;NO;-6.513166988;36.99561766;no
SABOJI;JP;O621;27;0;54;0;54;0.5617;96.13672779;96;NO;-6.513091478;36.99566489;no
SABOJI;JP;O626;25;0;50;0;50;0.584;85.61643836;86;YES;-6.513162749;36.99569337;no
SABOJI;JP;O642;49;0;98;0;98;0.5225;187.5598086;188;NO;-6.513308869;36.99572889;no
SABOJI;JP;O682;40;0;80;0;80;0.508;157.480315;157;NO;-6.513538477;36.99574312;yes
SABOJI;JP;O685;39;0;78;0;78;0.7055;110.5598866;111;NO;-6.513424425;36.9957906;yes
SABOJI;JP;O766;34;0;68;0;68;0.55;123.6363636;124;NO;-6.51345053;36.99592431;no
SABOJI;JP;O839;18;0;36;0;36;0.5216;69.01840491;69;NO;-6.513073438;36.9957875;yes
SABOJI;OA;OT14M11;1;0;2;0;2;1;2;2;YES;-6.513232324;36.99552107;no
SABOJI;OA;OT14M13;1;0;2;0;2;1;2;2;NO;-6.513259226;36.99553735;no
SABOJI;OA;OT14M14;1;0;2;0;2;1;2;2;NO;-6.513269602;36.99552571;no
SABOJI;OA;OT14M16;3;0;6;0;6;1;6;6;YES;-6.51329426;36.99554798;no
SABOJI;OA;OT14M17;1;0;2;0;2;1;2;2;NO;-6.513300889;36.99556056;no
SABOJI;OA;OT14M19;3;0;6;0;6;1;6;6;YES;-6.513314072;36.99557869;no
SABOJI;OA;OT14M20;4;0;8;0;8;1;8;8;YES;-6.513322452;36.99559017;no
SABOJI;OA;OT14M21;1;0;2;0;2;1;2;2;YES;-6.513323168;36.99560773;no
SABOJI;OA;OT14M22;1;0;2;0;2;1;2;2;YES;-6.513312326;36.99561828;no
SABOJI;OA;OT14M23;1;0;2;0;2;1;2;2;YES;-6.513309852;36.99563957;no
SABOJI;OA;OT14M3;1;0;2;0;2;1;2;2;YES;-6.513134739;36.99544441;no
SABOJI;OA;OT14M4;2;0;4;0;4;1;4;4;YES;-6.513163406;36.99545757;no
SABOJI;OA;OT14M5;2;0;4;0;4;1;4;4;NO;-6.513181743;36.99547078;no
SABOJI;OA;OT14M9;1;0;2;0;2;1;2;2;YES;-6.513192341;36.99549119;no
SABOJI;OA;OT14M1;0;0;0;0;0;1;0;0;YES;-6.513232324;36.99552107;no
SABOJI;OA;OT14M2;0;0;0;0;0;1;0;0;YES;-6.513232324;36.99552107;no
SABOJI;OA;OT14M6;0;0;0;0;0;1;0;0;YES;-6.513232324;36.99552107;no
SABOJI;OA;OT14M7;0;0;0;0;0;1;0;0;YES;-6.513232324;36.99552107;no
SABOJI;OA;OT14M8;0;0;0;0;0;1;0;0;YES;-6.513232324;36.99552107;no
SABOJI;OA;OT14M10;0;0;0;0;0;1;0;0;YES;-6.513232324;36.99552107;no
SABOJI;OA;OT14M12;0;0;0;0;0;1;0;0;YES;-6.513232324;36.99552107;no
SABOJI;OA;OT14M15;0;0;0;0;0;1;0;0;YES;-6.513232324;36.99552107;no
SABOJI;OA;OT14M18;0;0;0;0;0;1;0;0;YES;-6.513232324;36.99552107;no
SABOJI;OA;OT14M24;0;0;0;0;0;1;0;0;YES;-6.513232324;36.99552107;no
SABOJI;OA;OT14M25;0;0;0;0;0;1;0;0;YES;-6.513232324;36.99552107;no
SABOJI;OA;OT14M26;0;0;0;0;0;1;0;0;YES;-6.513232324;36.99552107;no
SABOJI;OA;OT14M27;0;0;0;0;0;1;0;0;YES;-6.513232324;36.99552107;no
SABOJI;OA;OT14M28;0;0;0;0;0;1;0;0;YES;-6.513232324;36.99552107;no
SABOJI;OA;OT14M29;0;0;0;0;0;1;0;0;YES;-6.513232324;36.99552107;no
SABOJI;OA;OT14M30;0;0;0;0;0;1;0;0;YES;-6.513232324;36.99552107;no
SABOJI;OA;OT14M31;0;0;0;0;0;1;0;0;YES;-6.513232324;36.99552107;no
SABOJI;OA;OT14M32;0;0;0;0;0;1;0;0;YES;-6.513232324;36.99552107;no
SABOJI;OA;OT14M33;0;0;0;0;0;1;0;0;YES;-6.513232324;36.99552107;no
SABOJI;OA;OT14M34;0;0;0;0;0;1;0;0;YES;-6.513232324;36.99552107;no
SABOJI;OA;OT14M35;0;0;0;0;0;1;0;0;YES;-6.513232324;36.99552107;no
SABOJI;OA;OT14M36;0;0;0;0;0;1;0;0;YES;-6.513232324;36.99552107;no
SABOJI;OA;OT14M37;0;0;0;0;0;1;0;0;YES;-6.513232324;36.99552107;no
SABOJI;OA;OT14M38;0;0;0;0;0;1;0;0;YES;-6.513232324;36.99552107;no
SABOJI;OA;OT14M39;0;0;0;0;0;1;0;0;YES;-6.513232324;36.99552107;no
SABOJI;OA;OT14M40;0;0;0;0;0;1;0;0;YES;-6.513232324;36.99552107;no
SABOJI;OA;OT14M41;0;0;0;0;0;1;0;0;YES;-6.513232324;36.99552107;no
SABOJI;OA;OT14M42;0;0;0;0;0;1;0;0;YES;-6.513232324;36.99552107;no
SABOJI;OA;OT14M43;0;0;0;0;0;1;0;0;YES;-6.513232324;36.99552107;no
SABOJI;OA;OT14M44;0;0;0;0;0;1;0;0;YES;-6.513232324;36.99552107;no
SABOJI;OA;OT14M45;0;0;0;0;0;1;0;0;YES;-6.513232324;36.99552107;no
SABOJI;OA;OT15M1;1;0;2;0;2;1;2;2;YES;-6.513490101;36.99531347;no
SABOJI;OA;OT15M10;2;0;4;0;4;1;4;4;NO;-6.513486448;36.99544642;no
SABOJI;OA;OT15M13;2;0;4;0;4;1;4;4;YES;-6.51345808;36.99545198;no
SABOJI;OA;OT15M14;2;0;4;0;4;1;4;4;YES;-6.513450399;36.99546742;no
SABOJI;OA;OT15M15;3;0;6;0;6;1;6;6;NO;-6.513421571;36.99547304;no
SABOJI;OA;OT15M16;5;0;10;0;10;1;10;10;YES;-6.513389385;36.99548432;no
SABOJI;OA;OT15M17;2;0;4;0;4;1;4;4;YES;-6.513371389;36.99549507;no
SABOJI;OA;OT15M18;3;0;6;0;6;1;6;6;NO;-6.513338511;36.99550042;no
SABOJI;OA;OT15M19;4;0;8;0;8;1;8;8;NO;-6.513318115;36.99551144;no
SABOJI;OA;OT15M21;2;0;4;0;4;1;4;4;NO;-6.513274596;36.99552817;no
SABOJI;OA;OT15M22;5;0;10;0;10;1;10;10;YES;-6.51324099;36.99554878;no
SABOJI;OA;OT15M23;2;0;4;0;4;1;4;4;YES;-6.513211406;36.99555052;no
SABOJI;OA;OT15M3;1;0;2;0;2;1;2;2;YES;-6.513500311;36.99532922;no
SABOJI;OA;OT15M4;7;0;14;0;14;1;14;14;YES;-6.5135042;36.9953428;no
SABOJI;OA;OT15M5;8;0;16;0;16;1;16;16;YES;-6.513508625;36.99535913;no
SABOJI;OA;OT15M6;5;0;10;0;10;1;10;10;YES;-6.513517392;36.99538222;no
SABOJI;OA;OT15M8;5;0;10;0;10;1;10;10;YES;-6.513536772;36.99542163;no
SABOJI;OA;OT15M9;1;0;2;0;2;1;2;2;YES;-6.5135097;36.99543003;no
SABOJI;OA;OT15M2;0;0;0;0;0;1;0;0;YES;-6.513490101;36.99531347;no
SABOJI;OA;OT15M7;0;0;0;0;0;1;0;0;YES;-6.513490101;36.99531347;no
SABOJI;OA;OT15M11;0;0;0;0;0;1;0;0;YES;-6.513490101;36.99531347;no
SABOJI;OA;OT15M12;0;0;0;0;0;1;0;0;YES;-6.513490101;36.99531347;no
SABOJI;OA;OT15M20;0;0;0;0;0;1;0;0;YES;-6.513490101;36.99531347;no
SABOJI;OA;OT15M24;0;0;0;0;0;1;0;0;YES;-6.513490101;36.99531347;no
SABOJI;OA;OT15M25;0;0;0;0;0;1;0;0;YES;-6.513490101;36.99531347;no
SABOJI;OA;OT15M26;0;0;0;0;0;1;0;0;YES;-6.513490101;36.99531347;no
SABOJI;OA;OT15M27;0;0;0;0;0;1;0;0;YES;-6.513490101;36.99531347;no
SABOJI;OA;OT15M28;0;0;0;0;0;1;0;0;YES;-6.513490101;36.99531347;no
SABOJI;OA;OT15M29;0;0;0;0;0;1;0;0;YES;-6.513490101;36.99531347;no
SABOJI;OA;OT15M30;0;0;0;0;0;1;0;0;YES;-6.513490101;36.99531347;no
SABOJI;OA;OT15M31;0;0;0;0;0;1;0;0;YES;-6.513490101;36.99531347;no
SABOJI;OA;OT15M32;0;0;0;0;0;1;0;0;YES;-6.513490101;36.99531347;no
SABOJI;OA;OT15M33;0;0;0;0;0;1;0;0;YES;-6.513490101;36.99531347;no
SABOJI;OA;OT15M34;0;0;0;0;0;1;0;0;YES;-6.513490101;36.99531347;no
SABOJI;OA;OT15M35;0;0;0;0;0;1;0;0;YES;-6.513490101;36.99531347;no
SABOJI;OA;OT15M36;0;0;0;0;0;1;0;0;YES;-6.513490101;36.99531347;no
SABOJI;OA;OT15M37;0;0;0;0;0;1;0;0;YES;-6.513490101;36.99531347;no
SABOJI;OA;OT15M38;0;0;0;0;0;1;0;0;YES;-6.513490101;36.99531347;no
SABOJI;OA;OT15M39;0;0;0;0;0;1;0;0;YES;-6.513490101;36.99531347;no
SABOJI;OA;OT15M40;0;0;0;0;0;1;0;0;YES;-6.513490101;36.99531347;no
SABOJI;OA;OT15M41;0;0;0;0;0;1;0;0;YES;-6.513490101;36.99531347;no
SABOJI;OA;OT15M42;0;0;0;0;0;1;0;0;YES;-6.513490101;36.99531347;no
SABOJI;OA;OT15M43;0;0;0;0;0;1;0;0;YES;-6.513490101;36.99531347;no
SABOJI;OA;OT15M44;0;0;0;0;0;1;0;0;YES;-6.513490101;36.99531347;no
SABOJI;OA;OT15M45;0;0;0;0;0;1;0;0;YES;-6.513490101;36.99531347;no
SABOJI;OA;OT15M46;0;0;0;0;0;1;0;0;YES;-6.513490101;36.99531347;no
SABOJI;OA;OT15M47;0;0;0;0;0;1;0;0;YES;-6.513490101;36.99531347;no
SABOJI;OA;OT15M48;0;0;0;0;0;1;0;0;YES;-6.513490101;36.99531347;no
SABOJI;OA;OT15M49;0;0;0;0;0;1;0;0;YES;-6.513490101;36.99531347;no
SABOJI;OA;OT15M50;0;0;0;0;0;1;0;0;YES;-6.513490101;36.99531347;no